Country Name,Country Code,Indicator Name,_2000,_2001,_2002,_2003,_2004,_2005,_2006,_2007,_2008,_2009,_2010,_2011,_2012,_2013,_2014,_2015,_60s,_70s,_80s,_90s,_2000s,_2010_14
Aruba,ABW,"Electricity production from renewable sources, excluding hydroelectric (kWh)",,,,,,,,,,,,,,,,,,,,,,
Africa Eastern and Southern,AFE,"Electricity production from renewable sources, excluding hydroelectric (kWh)",1301000000,1390000000,1220000000,1624000000,1902000000,1866000000,1972000000,1972000000,2188000000,2463000000,2692000000,2762000000,3058000000,3669000000,7687000000,10926000000,,140555555.6,353600000,774300000,1789800000,3973600000
Afghanistan,AFG,"Electricity production from renewable sources, excluding hydroelectric (kWh)",,,,,,,,,,,,,,,,,,,,,,
Africa Western and Central,AFW,"Electricity production from renewable sources, excluding hydroelectric (kWh)",60000000,70000000,78000000,66000000,162000000,177000000,827000000,254000000,254000000,213000000,222000000,219000000,196000000,222000000,233000000,280000000,,38888888.89,41900000,53600000,216100000,218400000
Angola,AGO,"Electricity production from renewable sources, excluding hydroelectric (kWh)",0,0,0,0,0,0,0,0,0,0,0,0,0,0,0,0,,0,0,0,0,0
Albania,ALB,"Electricity production from renewable sources, excluding hydroelectric (kWh)",0,0,0,0,0,0,0,0,0,0,0,0,0,0,0,0,,0,0,0,0,0
Andorra,AND,"Electricity production from renewable sources, excluding hydroelectric (kWh)",,,,,,,,,,,,,,,,,,,,,,
Arab World,ARB,"Electricity production from renewable sources, excluding hydroelectric (kWh)",227000000,459000000,436000000,613000000,775000000,808000000,846000000,1166000000,1262000000,1631000000,2515000000,2561000000,2436000000,3534000000,4457000000,5117000000,,0,0,4000000,822300000,3100600000
United Arab Emirates,ARE,"Electricity production from renewable sources, excluding hydroelectric (kWh)",0,0,0,0,0,0,0,0,0,0,0,0,0,100000000,301000000,296000000,,0,0,0,0,80200000
Argentina,ARG,"Electricity production from renewable sources, excluding hydroelectric (kWh)",708000000,672000000,941000000,1114000000,1247000000,1362000000,1728000000,1688000000,1618000000,1402000000,2220000000,2155000000,2752000000,2942000000,2719000000,2752000000,,64444444.44,110500000,254600000,1248000000,2557600000
Armenia,ARM,"Electricity production from renewable sources, excluding hydroelectric (kWh)",0,0,0,0,0,0,0,3000000,2000000,4000000,7000000,3000000,4000000,4000000,4000000,4000000,,,,0,900000,4400000
American Samoa,ASM,"Electricity production from renewable sources, excluding hydroelectric (kWh)",,,,,,,,,,,,,,,,,,,,,,
Antigua and Barbuda,ATG,"Electricity production from renewable sources, excluding hydroelectric (kWh)",,,,,,,,,,,,,,,,,,,,,,
Australia,AUS,"Electricity production from renewable sources, excluding hydroelectric (kWh)",1230000000,1599000000,1997000000,2345000000,2573000000,4794000000,5716000000,6674000000,7817000000,6800000000,8256000000,9718000000,12573000000,14939000000,18622000000,21044000000,292400000,379600000,510400000,851200000,4154500000,12821600000
Austria,AUT,"Electricity production from renewable sources, excluding hydroelectric (kWh)",1599000000,1777000000,1668000000,2098000000,3010000000,3936000000,5151000000,6236000000,6344000000,6281000000,6617000000,6627000000,7404000000,8322000000,8934000000,10187000000,0,241700000,792800000,1481100000,3810000000,7580800000
Azerbaijan,AZE,"Electricity production from renewable sources, excluding hydroelectric (kWh)",0,0,0,0,0,0,0,0,0,2000000,1000000,0,0,69000000,92000000,101000000,,,,0,200000,32400000
Burundi,BDI,"Electricity production from renewable sources, excluding hydroelectric (kWh)",,,,,,,,,,,,,,,,,,,,,,
Belgium,BEL,"Electricity production from renewable sources, excluding hydroelectric (kWh)",584000000,634000000,778000000,945000000,1180000000,1818000000,2593000000,3097000000,4008000000,5111000000,6182000000,8181000000,10101000000,11295000000,11921000000,14148000000,0,118600000,138900000,319300000,2074800000,9536000000
Benin,BEN,"Electricity production from renewable sources, excluding hydroelectric (kWh)",0,0,0,0,0,0,4000000,3000000,3000000,1000000,1000000,0,0,0,0,5000000,,0,0,0,1100000,200000
Burkina Faso,BFA,"Electricity production from renewable sources, excluding hydroelectric (kWh)",,,,,,,,,,,,,,,,,,,,,,
Bangladesh,BGD,"Electricity production from renewable sources, excluding hydroelectric (kWh)",0,0,0,0,0,0,0,0,0,0,0,0,0,140000000,149000000,158000000,,0,0,0,0,57800000
Bulgaria,BGR,"Electricity production from renewable sources, excluding hydroelectric (kWh)",0,0,0,0,1000000,5000000,20000000,47000000,138000000,248000000,731000000,1018000000,2101000000,2845000000,2783000000,3107000000,,0,0,0,45900000,1895600000
Bahrain,BHR,"Electricity production from renewable sources, excluding hydroelectric (kWh)",0,0,0,0,0,0,0,0,0,0,0,0,0,0,0,0,,0,0,0,0,0
"Bahamas, The",BHS,"Electricity production from renewable sources, excluding hydroelectric (kWh)",,,,,,,,,,,,,,,,,,,,,,
Bosnia and Herzegovina,BIH,"Electricity production from renewable sources, excluding hydroelectric (kWh)",0,0,0,0,0,0,0,0,0,0,0,0,0,0,0,0,,,,0,0,0
Belarus,BLR,"Electricity production from renewable sources, excluding hydroelectric (kWh)",0,0,0,0,1000000,1000000,3000000,15000000,34000000,61000000,85000000,96000000,101000000,128000000,130000000,171000000,,,,0,11500000,108000000
Belize,BLZ,"Electricity production from renewable sources, excluding hydroelectric (kWh)",,,,,,,,,,,,,,,,,,,,,,
Bermuda,BMU,"Electricity production from renewable sources, excluding hydroelectric (kWh)",,,,,,,,,,,,,,,,,,,,,,
Bolivia,BOL,"Electricity production from renewable sources, excluding hydroelectric (kWh)",54000000,54000000,54000000,54000000,54000000,56000000,60000000,72000000,97000000,121000000,119000000,122000000,123000000,60000000,201000000,215000000,,15111111.11,29700000,43900000,67600000,125000000
Brazil,BRA,"Electricity production from renewable sources, excluding hydroelectric (kWh)",7846000000,9015000000,10280000000,11955000000,12537000000,13684000000,14960000000,18670000000,20654000000,23840000000,33672000000,34939000000,40287000000,46977000000,58221000000,70487000000,,979777777.8,2825900000,5870800000,14344100000,42819200000
Barbados,BRB,"Electricity production from renewable sources, excluding hydroelectric (kWh)",,,,,,,,,,,,,,,,,,,,,,
Brunei Darussalam,BRN,"Electricity production from renewable sources, excluding hydroelectric (kWh)",0,0,0,0,0,0,0,0,0,0,0,2000000,2000000,2000000,2000000,2000000,,0,0,0,0,1600000
Bhutan,BTN,"Electricity production from renewable sources, excluding hydroelectric (kWh)",,,,,,,,,,,,,,,,,,,,,,
Botswana,BWA,"Electricity production from renewable sources, excluding hydroelectric (kWh)",0,0,0,0,0,0,0,0,0,0,0,0,0,1000000,1000000,1000000,,,0,0,0,400000
Central African Republic,CAF,"Electricity production from renewable sources, excluding hydroelectric (kWh)",,,,,,,,,,,,,,,,,,,,,,
Canada,CAN,"Electricity production from renewable sources, excluding hydroelectric (kWh)",8484000000,8946000000,9458000000,9887000000,9764000000,10577000000,11016000000,11445000000,10974000000,14513000000,19398000000,20986000000,22329000000,29337000000,37211000000,42037000000,0,425300000,2157500000,5753100000,10506400000,25852200000
Central Europe and the Baltics,CEB,"Electricity production from renewable sources, excluding hydroelectric (kWh)",905000000,1297000000,1343000000,1581000000,2868000000,4439000000,5338000000,7175000000,9821000000,13144000000,17652000000,24948000000,32995000000,37275000000,45620000000,51691000000,30800000,196400000,277800000,474100000,4791100000,31698000000
Switzerland,CHE,"Electricity production from renewable sources, excluding hydroelectric (kWh)",857000000,899000000,936000000,971000000,1003000000,1054000000,1182000000,1229000000,1289000000,1310000000,1410000000,1628000000,1926000000,2217000000,2634000000,2853000000,0,38500000,414000000,577000000,1073000000,1963000000
Channel Islands,CHI,"Electricity production from renewable sources, excluding hydroelectric (kWh)",,,,,,,,,,,,,,,,,,,,,,
Chile,CHL,"Electricity production from renewable sources, excluding hydroelectric (kWh)",941000000,2075000000,1951000000,1814000000,2038000000,1797000000,1438000000,2705000000,3121000000,4353000000,2579000000,5011000000,5263000000,6323000000,7250000000,8991000000,,67666666.67,215500000,1480600000,2223300000,5285200000
China,CHN,"Electricity production from renewable sources, excluding hydroelectric (kWh)",3174000000,3334000000,3467000000,3640000000,3936000000,7434000000,11096000000,15647000000,29803000000,48011000000,70255000000,1.01E+11,1.32E+11,1.94E+11,2.30E+11,2.84E+11,,0,0,1448100000,12954200000,1.45389E+11
Cote d'Ivoire,CIV,"Electricity production from renewable sources, excluding hydroelectric (kWh)",0,0,0,0,107000000,110000000,112000000,115000000,118000000,72000000,69000000,64000000,66000000,68000000,70000000,105000000,,0,0,0,63400000,67400000
Cameroon,CMR,"Electricity production from renewable sources, excluding hydroelectric (kWh)",0,0,0,0,0,0,643000000,76000000,77000000,71000000,59000000,61000000,64000000,68000000,72000000,76000000,,0,0,0,86700000,64800000
"Congo, Dem. Rep.",COD,"Electricity production from renewable sources, excluding hydroelectric (kWh)",0,0,0,0,0,0,0,0,0,0,0,0,17000000,18000000,9000000,10000000,,0,0,0,0,8800000
"Congo, Rep.",COG,"Electricity production from renewable sources, excluding hydroelectric (kWh)",0,0,0,0,0,0,0,0,0,0,0,0,0,0,0,0,,0,0,0,0,0
Colombia,COL,"Electricity production from renewable sources, excluding hydroelectric (kWh)",496000000,496000000,491000000,495000000,519000000,552000000,593000000,581000000,591000000,599000000,2456000000,2040000000,2008000000,2106000000,2196000000,2262000000,,111666666.7,250800000,416100000,541300000,2161200000
Comoros,COM,"Electricity production from renewable sources, excluding hydroelectric (kWh)",,,,,,,,,,,,,,,,,,,,,,
Cabo Verde,CPV,"Electricity production from renewable sources, excluding hydroelectric (kWh)",,,,,,,,,,,,,,,,,,,,,,
Costa Rica,CRI,"Electricity production from renewable sources, excluding hydroelectric (kWh)",1176000000,1187000000,1433000000,1274000000,1486000000,1423000000,1563000000,1559000000,1411000000,1635000000,1680000000,1834000000,2111000000,2188000000,2457000000,2637000000,,8222222.222,9000000,472000000,1414700000,2054000000
Caribbean small states,CSS,"Electricity production from renewable sources, excluding hydroelectric (kWh)",225000000,199000000,88000000,75000000,126000000,144000000,174000000,157000000,122000000,203000000,180000000,229000000,284000000,277000000,268000000,294000000,,251777777.8,184800000,191500000,151300000,247600000
Cuba,CUB,"Electricity production from renewable sources, excluding hydroelectric (kWh)",944000000,930000000,939000000,720000000,789000000,420000000,406000000,416000000,564000000,545000000,467000000,474000000,573000000,706000000,674000000,753000000,,799555555.6,1130300000,997600000,667300000,578800000
Curacao,CUW,"Electricity production from renewable sources, excluding hydroelectric (kWh)",,,,,,,,,,,,,,,,,,0,0,,,
Cayman Islands,CYM,"Electricity production from renewable sources, excluding hydroelectric (kWh)",,,,,,,,,,,,,,,,,,,,,,
Cyprus,CYP,"Electricity production from renewable sources, excluding hydroelectric (kWh)",0,0,0,0,0,1000000,1000000,3000000,15000000,31000000,73000000,178000000,257000000,327000000,317000000,398000000,,0,0,0,5100000,230400000
Czech Republic,CZE,"Electricity production from renewable sources, excluding hydroelectric (kWh)",526000000,523000000,506000000,496000000,722000000,752000000,970000000,1321000000,1707000000,2225000000,3113000000,5285000000,5936000000,6575000000,7263000000,7627000000,,0,0,293700000,974800000,5634400000
Germany,DEU,"Electricity production from renewable sources, excluding hydroelectric (kWh)",13743000000,15162000000,21353000000,27869000000,36538000000,42867000000,51630000000,67151000000,72806000000,75827000000,83856000000,1.06E+11,1.22E+11,1.29E+11,1.43E+11,1.68E+11,0,1824900000,2620000000,4344500000,42494600000,1.16791E+11
Djibouti,DJI,"Electricity production from renewable sources, excluding hydroelectric (kWh)",,,,,,,,,,,,,,,,,,,,,,
Dominica,DMA,"Electricity production from renewable sources, excluding hydroelectric (kWh)",,,,,,,,,,,,,,,,,,,,,,
Denmark,DNK,"Electricity production from renewable sources, excluding hydroelectric (kWh)",5542000000,5818000000,6757000000,8057000000,9498000000,9789000000,9178000000,10277000000,10070000000,10044000000,12408000000,14164000000,14820000000,15955000000,17976000000,18944000000,0,900000,159200000,2147900000,8503000000,15064600000
Dominican Republic,DOM,"Electricity production from renewable sources, excluding hydroelectric (kWh)",32000000,32000000,24000000,23000000,26000000,22000000,22000000,22000000,22000000,22000000,22000000,56000000,263000000,707000000,772000000,972000000,,78666666.67,66500000,34300000,24700000,364000000
Algeria,DZA,"Electricity production from renewable sources, excluding hydroelectric (kWh)",0,0,0,0,0,0,0,0,0,0,0,0,0,0,0,77000000,,0,0,0,0,0
East Asia & Pacific (excluding high income),EAP,"Electricity production from renewable sources, excluding hydroelectric (kWh)",20187000000,20311000000,20648000000,20933000000,22191000000,25579000000,29860000000,34875000000,51633000000,72110000000,94270000000,1.26E+11,1.59E+11,2.23E+11,2.62E+11,3.19E+11,,71222222.22,5038900000,10475500000,31832700000,1.72818E+11
Early-demographic dividend,EAR,"Electricity production from renewable sources, excluding hydroelectric (kWh)",30499000000,32323000000,33598000000,36448000000,39737000000,43792000000,48424000000,54502000000,59290000000,68709000000,76501000000,88074000000,1.03E+11,1.16E+11,1.35E+11,1.56E+11,104200000,1327400000,8884900000,18897400000,44732200000,1.03749E+11
East Asia & Pacific,EAS,"Electricity production from renewable sources, excluding hydroelectric (kWh)",40393000000,40996000000,42473000000,44654000000,47865000000,55917000000,62605000000,71247000000,90054000000,1.12E+11,1.55E+11,1.91E+11,2.30E+11,3.08E+11,3.68E+11,4.45E+11,1347400000,2112100000,18130800000,27637600000,60804400000,2.50411E+11
Europe & Central Asia (excluding high income),ECA,"Electricity production from renewable sources, excluding hydroelectric (kWh)",363000000,469000000,484000000,635000000,714000000,689000000,848000000,1503000000,2128000000,3181000000,5525000000,7694000000,10851000000,14681000000,17567000000,22967000000,104200000,178800000,50800000,270200000,1101400000,11263600000
Europe & Central Asia,ECS,"Electricity production from renewable sources, excluding hydroelectric (kWh)",64533000000,71515000000,86915000000,1.03E+11,1.30E+11,1.52E+11,1.76E+11,2.10E+11,2.39E+11,2.71E+11,3.14E+11,3.81E+11,4.50E+11,5.08E+11,5.50E+11,6.25E+11,3460600000,8411700000,12369800000,31918000000,1.50E+11,4.40403E+11
Ecuador,ECU,"Electricity production from renewable sources, excluding hydroelectric (kWh)",0,0,0,0,0,103000000,146000000,220000000,211000000,220000000,239000000,281000000,298000000,357000000,495000000,543000000,,0,0,0,90000000,334000000
"Egypt, Arab Rep.",EGY,"Electricity production from renewable sources, excluding hydroelectric (kWh)",137000000,221000000,204000000,368000000,523000000,552000000,616000000,831000000,913000000,1133000000,1704000000,1747000000,1497000000,1574000000,1691000000,1598000000,,0,0,2400000,549800000,1642600000
Euro area,EMU,"Electricity production from renewable sources, excluding hydroelectric (kWh)",45903000000,51790000000,64815000000,77930000000,96330000000,1.13E+11,1.33E+11,1.60E+11,1.83E+11,2.05E+11,2.37E+11,2.84E+11,3.33E+11,3.68E+11,3.86E+11,4.26E+11,3325400000,7684800000,9666200000,23311800000,1.13E+11,3.21623E+11
Eritrea,ERI,"Electricity production from renewable sources, excluding hydroelectric (kWh)",1000000,1000000,1000000,1000000,1000000,1000000,2000000,2000000,2000000,2000000,2000000,2000000,2000000,2000000,2000000,2000000,,,,375000,1400000,2000000
Spain,ESP,"Electricity production from renewable sources, excluding hydroelectric (kWh)",6238000000,8414000000,11958000000,15300000000,19086000000,23870000000,26190000000,30974000000,38779000000,47669000000,55472000000,56927000000,66417000000,74541000000,71100000000,68948000000,0,144300000,530900000,1569600000,22847800000,64891400000
Estonia,EST,"Electricity production from renewable sources, excluding hydroelectric (kWh)",13000000,11000000,24000000,36000000,38000000,89000000,116000000,124000000,169000000,509000000,1017000000,1149000000,1435000000,1194000000,1362000000,1475000000,,,,4300000,112900000,1231400000
Ethiopia,ETH,"Electricity production from renewable sources, excluding hydroelectric (kWh)",5000000,1000000,0,0,0,0,0,0,14000000,24000000,18000000,37000000,192000000,356000000,499000000,759000000,,0,0,4600000,4400000,220400000
European Union,EUU,"Electricity production from renewable sources, excluding hydroelectric (kWh)",56819000000,62921000000,77397000000,92421000000,1.16E+11,1.36E+11,1.56E+11,1.87E+11,2.14E+11,2.41E+11,2.80E+11,3.37E+11,3.96E+11,4.38E+11,4.66E+11,5.17E+11,3356200000,8174000000,11697800000,28349000000,1.34E+11,3.83396E+11
Fragile and conflict affected situations,FCS,"Electricity production from renewable sources, excluding hydroelectric (kWh)",6000000,2000000,1000000,1000000,1000000,3000000,750000000,146000000,177000000,163000000,185000000,234000000,449000000,689000000,828000000,1087000000,,12000000,14300000,8300000,125000000,477000000
Finland,FIN,"Electricity production from renewable sources, excluding hydroelectric (kWh)",8719000000,8342000000,9054000000,9474000000,10561000000,9684000000,10972000000,10146000000,10669000000,9013000000,11273000000,11730000000,11701000000,12791000000,12874000000,13756000000,0,0,0,6574500000,9663400000,12073800000
Fiji,FJI,"Electricity production from renewable sources, excluding hydroelectric (kWh)",,,,,,,,,,,,,,,,,,,,,,
France,FRA,"Electricity production from renewable sources, excluding hydroelectric (kWh)",3039000000,3471000000,3809000000,4113000000,4385000000,4845000000,6035000000,8304000000,10172000000,12664000000,15482000000,19608000000,24320000000,25956000000,28977000000,34917000000,298800000,714000000,889500000,2330800000,6083700000,22868600000
Faroe Islands,FRO,"Electricity production from renewable sources, excluding hydroelectric (kWh)",,,,,,,,,,,,,,,,,,,,,,
"Micronesia, Fed. Sts.",FSM,"Electricity production from renewable sources, excluding hydroelectric (kWh)",,,,,,,,,,,,,,,,,,,,,,
Gabon,GAB,"Electricity production from renewable sources, excluding hydroelectric (kWh)",7000000,7000000,7000000,7000000,8000000,8000000,8000000,8000000,8000000,9000000,9000000,9000000,12000000,11000000,12000000,12000000,,0,0,7300000,7700000,10600000
United Kingdom,GBR,"Electricity production from renewable sources, excluding hydroelectric (kWh)",4884000000,5493000000,6340000000,7391000000,9294000000,12016000000,13513000000,14612000000,16706000000,20017000000,22220000000,28851000000,35840000000,48576000000,58694000000,77262000000,0,0,1300000,2046700000,11026600000,38836200000
Georgia,GEO,"Electricity production from renewable sources, excluding hydroelectric (kWh)",0,0,0,0,0,0,0,0,0,0,0,0,0,0,0,0,,,,0,0,0
Ghana,GHA,"Electricity production from renewable sources, excluding hydroelectric (kWh)",0,0,0,0,0,0,0,0,0,0,0,0,0,3000000,4000000,3000000,,0,0,0,0,1400000
Gibraltar,GIB,"Electricity production from renewable sources, excluding hydroelectric (kWh)",0,0,0,0,0,0,0,0,0,0,0,0,0,0,0,0,,0,0,0,0,0
Guinea,GIN,"Electricity production from renewable sources, excluding hydroelectric (kWh)",,,,,,,,,,,,,,,,,,,,,,
"Gambia, The",GMB,"Electricity production from renewable sources, excluding hydroelectric (kWh)",,,,,,,,,,,,,,,,,,,,,,
Guinea-Bissau,GNB,"Electricity production from renewable sources, excluding hydroelectric (kWh)",,,,,,,,,,,,,,,,,,,,,,
Equatorial Guinea,GNQ,"Electricity production from renewable sources, excluding hydroelectric (kWh)",,,,,,,,,,,,,,,,,,,,,,
Greece,GRC,"Electricity production from renewable sources, excluding hydroelectric (kWh)",451000000,835000000,777000000,1126000000,1246000000,1389000000,1814000000,2003000000,2438000000,2811000000,3062000000,4132000000,5748000000,8003000000,7701000000,8752000000,0,0,300000,44100000,1489000000,5729200000
Grenada,GRD,"Electricity production from renewable sources, excluding hydroelectric (kWh)",,,,,,,,,,,,,,,,,,,,,,
Greenland,GRL,"Electricity production from renewable sources, excluding hydroelectric (kWh)",,,,,,,,,,,,,,,,,,,,,,
Guatemala,GTM,"Electricity production from renewable sources, excluding hydroelectric (kWh)",606000000,610000000,634000000,802000000,879000000,883000000,940000000,1139000000,1156000000,1501000000,1829000000,1740000000,1837000000,2009000000,2510000000,2803000000,,54111111.11,106100000,405000000,915000000,1985000000
Guam,GUM,"Electricity production from renewable sources, excluding hydroelectric (kWh)",,,,,,,,,,,,,,,,,,,,,,
Guyana,GUY,"Electricity production from renewable sources, excluding hydroelectric (kWh)",,,,,,,,,,,,,,,,,,,,,,
High income,HIC,"Electricity production from renewable sources, excluding hydroelectric (kWh)",1.71E+11,1.75E+11,2.01E+11,2.20E+11,2.53E+11,2.88E+11,3.23E+11,3.71E+11,4.25E+11,4.80E+11,5.71E+11,6.73E+11,7.74E+11,8.86E+11,9.84E+11,1.10E+12,5078300000,13733300000,43139400000,1.29E+11,2.91E+11,7.77567E+11
"Hong Kong SAR, China",HKG,"Electricity production from renewable sources, excluding hydroelectric (kWh)",0,0,0,0,0,0,1000000,1000000,1000000,1000000,93000000,80000000,91000000,95000000,106000000,106000000,,0,0,0,400000,93000000
Honduras,HND,"Electricity production from renewable sources, excluding hydroelectric (kWh)",1000000,9000000,30000000,36000000,53000000,128000000,142000000,168000000,197000000,168000000,160000000,765000000,1029000000,1036000000,921000000,1450000000,,0,0,100000,93200000,782200000
Heavily indebted poor countries (HIPC),HPC,"Electricity production from renewable sources, excluding hydroelectric (kWh)",407000000,430000000,497000000,603000000,751000000,977000000,1658000000,1114000000,1219000000,1294000000,1387000000,2026000000,2886000000,3442000000,3893000000,4743000000,,78777777.78,289800000,544900000,895000000,2726800000
Croatia,HRV,"Electricity production from renewable sources, excluding hydroelectric (kWh)",1000000,0,0,0,6000000,24000000,30000000,43000000,61000000,79000000,172000000,256000000,425000000,653000000,930000000,1119000000,,,,8900000,24400000,487200000
Haiti,HTI,"Electricity production from renewable sources, excluding hydroelectric (kWh)",0,0,0,0,0,0,0,0,0,0,0,0,0,0,0,0,,12000000,14300000,3400000,0,0
Hungary,HUN,"Electricity production from renewable sources, excluding hydroelectric (kWh)",65000000,71000000,43000000,165000000,731000000,1668000000,1307000000,1673000000,2144000000,2667000000,2832000000,2486000000,2433000000,2575000000,2839000000,2977000000,0,0,13000000,45500000,1053400000,2633000000
IBRD only,IBD,"Electricity production from renewable sources, excluding hydroelectric (kWh)",45447000000,50148000000,53035000000,58071000000,63481000000,72570000000,82471000000,99820000000,1.24E+11,1.60E+11,2.03E+11,2.53E+11,3.13E+11,4.02E+11,4.78E+11,5.76E+11,135000000,2808800000,12493400000,29043500000,80874800000,3.2998E+11
IDA & IBRD total,IBT,"Electricity production from renewable sources, excluding hydroelectric (kWh)",46358000000,51128000000,53987000000,59537000000,65349000000,74640000000,85327000000,1.02E+11,1.26E+11,1.63E+11,2.06E+11,2.57E+11,3.18E+11,4.09E+11,4.87E+11,5.86E+11,135000000,2971300000,13057600000,30036900000,82747700000,3.35376E+11
IDA total,IDA,"Electricity production from renewable sources, excluding hydroelectric (kWh)",911000000,980000000,952000000,1466000000,1868000000,2070000000,2856000000,2274000000,2525000000,2827000000,3066000000,3793000000,4764000000,6306000000,9050000000,10364000000,,180555555.6,564200000,993400000,1872900000,5395800000
IDA blend,IDB,"Electricity production from renewable sources, excluding hydroelectric (kWh)",557000000,603000000,508000000,909000000,1157000000,1134000000,1884000000,1290000000,1461000000,1704000000,1833000000,1927000000,2040000000,2836000000,5252000000,5704000000,,116888888.9,304100000,492400000,1120700000,2777600000
Indonesia,IDN,"Electricity production from renewable sources, excluding hydroelectric (kWh)",4875000000,6039000000,6249000000,6309000000,6676000000,6626000000,6690000000,7057000000,8356000000,9362000000,9457000000,9578000000,9678000000,9583000000,10987000000,11181000000,,0,369800000,1882800000,6823900000,9856600000
IDA only,IDX,"Electricity production from renewable sources, excluding hydroelectric (kWh)",354000000,377000000,444000000,557000000,711000000,936000000,972000000,984000000,1064000000,1123000000,1233000000,1866000000,2724000000,3470000000,3798000000,4660000000,,63666666.67,260100000,501000000,752200000,2618200000
Isle of Man,IMN,"Electricity production from renewable sources, excluding hydroelectric (kWh)",,,,,,,,,,,,,,,,,,,,,,
India,IND,"Electricity production from renewable sources, excluding hydroelectric (kWh)",2964000000,3983000000,5178000000,6862000000,8547000000,11025000000,15353000000,19258000000,23259000000,30514000000,34065000000,42495000000,52150000000,59079000000,66931000000,74143000000,,0,1700000,650100000,12694300000,50944000000
Not classified,INX,"Electricity production from renewable sources, excluding hydroelectric (kWh)",,,,,,,,,,,,,,,,,,,,,,
Ireland,IRL,"Electricity production from renewable sources, excluding hydroelectric (kWh)",339000000,431000000,470000000,540000000,764000000,1242000000,1751000000,2127000000,2619000000,3206000000,3129000000,4716000000,4454000000,5029000000,5681000000,7051000000,0,0,0,75900000,1348900000,4601800000
"Iran, Islamic Rep.",IRN,"Electricity production from renewable sources, excluding hydroelectric (kWh)",37000000,34000000,30000000,27000000,47000000,71000000,125000000,143000000,196000000,227000000,173000000,239000000,230000000,397000000,405000000,236000000,,0,0,3500000,93700000,288800000
Iraq,IRQ,"Electricity production from renewable sources, excluding hydroelectric (kWh)",0,0,0,0,0,0,0,0,0,0,0,0,0,0,0,0,,0,0,0,0,0
Iceland,ISL,"Electricity production from renewable sources, excluding hydroelectric (kWh)",1323000000,1451000000,1433000000,1406000000,1485000000,1662000000,2633000000,3580000000,4038000000,4553000000,4465000000,4702000000,5209000000,5248000000,5247000000,5014000000,200000,20400000,195100000,413100000,2356400000,4974200000
Israel,ISR,"Electricity production from renewable sources, excluding hydroelectric (kWh)",0,10000000,11000000,12000000,11000000,11000000,10000000,10000000,16000000,75000000,139000000,272000000,451000000,543000000,908000000,1190000000,,0,0,0,16600000,462600000
Italy,ITA,"Electricity production from renewable sources, excluding hydroelectric (kWh)",6680000000,7537000000,8797000000,10196000000,11533000000,12372000000,13641000000,14899000000,16540000000,20117000000,25849000000,37140000000,50348000000,59238000000,62134000000,63368000000,2890700000,3949800000,3581100000,4119700000,12231200000,46941800000
Jamaica,JAM,"Electricity production from renewable sources, excluding hydroelectric (kWh)",205000000,170000000,62000000,63000000,103000000,122000000,129000000,138000000,102000000,184000000,180000000,229000000,284000000,277000000,268000000,294000000,,224333333.3,162900000,166500000,127800000,247600000
Jordan,JOR,"Electricity production from renewable sources, excluding hydroelectric (kWh)",3000000,8000000,8000000,9000000,9000000,8000000,9000000,13000000,12000000,10000000,12000000,11000000,9000000,9000000,8000000,131000000,,0,0,1600000,8900000,9800000
Japan,JPN,"Electricity production from renewable sources, excluding hydroelectric (kWh)",13953000000,13811000000,14537000000,15815000000,16832000000,18477000000,19287000000,20590000000,20334000000,20814000000,37857000000,39959000000,42796000000,51223000000,66421000000,80292000000,0,246900000,10916300000,12961100000,17445000000,47651200000
Kazakhstan,KAZ,"Electricity production from renewable sources, excluding hydroelectric (kWh)",0,0,0,0,0,0,0,0,0,0,0,0,3000000,6000000,14000000,179000000,,,,0,0,4600000
Kenya,KEN,"Electricity production from renewable sources, excluding hydroelectric (kWh)",557000000,603000000,508000000,909000000,1157000000,1134000000,1138000000,1151000000,1305000000,1576000000,1680000000,1735000000,1808000000,2205000000,4234000000,4659000000,,116888888.9,304100000,492400000,1003800000,2332400000
Kyrgyz Republic,KGZ,"Electricity production from renewable sources, excluding hydroelectric (kWh)",0,0,0,0,0,0,0,0,0,0,0,0,0,0,0,0,,,,0,0,0
Cambodia,KHM,"Electricity production from renewable sources, excluding hydroelectric (kWh)",1000000,1000000,1000000,8000000,14000000,15000000,17000000,18000000,19000000,21000000,23000000,23000000,23000000,14000000,20000000,41000000,,,,0,11500000,20600000
Kiribati,KIR,"Electricity production from renewable sources, excluding hydroelectric (kWh)",,,,,,,,,,,,,,,,,,,,,,
St. Kitts and Nevis,KNA,"Electricity production from renewable sources, excluding hydroelectric (kWh)",,,,,,,,,,,,,,,,,,,,,,
"Korea, Rep.",KOR,"Electricity production from renewable sources, excluding hydroelectric (kWh)",101000000,107000000,201000000,221000000,301000000,379000000,550000000,926000000,1306000000,1874000000,2504000000,2881000000,3124000000,4494000000,5801000000,8260000000,,0,0,91200000,596600000,3760800000
Kuwait,KWT,"Electricity production from renewable sources, excluding hydroelectric (kWh)",0,0,0,0,0,0,0,0,0,0,0,0,0,0,0,0,,0,0,0,0,0
Latin America & Caribbean (excluding high income),LAC,"Electricity production from renewable sources, excluding hydroelectric (kWh)",20905000000,22709000000,24313000000,27016000000,28529000000,31268000000,32041000000,37280000000,37489000000,41173000000,54992000000,56813000000,65989000000,75788000000,91178000000,1.08E+11,,3319555556,8111300000,17088200000,30272300000,68952000000
Lao PDR,LAO,"Electricity production from renewable sources, excluding hydroelectric (kWh)",,,,,,,,,,,,,,,,,,,,,,
Lebanon,LBN,"Electricity production from renewable sources, excluding hydroelectric (kWh)",0,0,0,0,0,0,0,0,0,0,0,0,0,0,0,0,,0,0,0,0,0
Liberia,LBR,"Electricity production from renewable sources, excluding hydroelectric (kWh)",,,,,,,,,,,,,,,,,,,,,,
Libya,LBY,"Electricity production from renewable sources, excluding hydroelectric (kWh)",0,0,0,0,0,0,0,0,0,0,0,0,0,0,0,0,,0,0,0,0,0
St. Lucia,LCA,"Electricity production from renewable sources, excluding hydroelectric (kWh)",,,,,,,,,,,,,,,,,,,,,,
Latin America & Caribbean,LCN,"Electricity production from renewable sources, excluding hydroelectric (kWh)",21925000000,24873000000,26347000000,28901000000,30650000000,33149000000,33598000000,40160000000,41487000000,46403000000,58561000000,62820000000,72400000000,83369000000,1.01E+11,1.21E+11,,3433444444,8436200000,18676200000,32749300000,75577000000
Least developed countries: UN classification,LDC,"Electricity production from renewable sources, excluding hydroelectric (kWh)",60000000,66000000,73000000,68000000,62000000,75000000,84000000,77000000,89000000,113000000,153000000,181000000,322000000,640000000,803000000,1105000000,,50888888.89,56200000,54600000,76700000,419800000
Low income,LIC,"Electricity production from renewable sources, excluding hydroelectric (kWh)",6000000,3000000,2000000,3000000,3000000,5000000,7000000,14000000,21000000,33000000,27000000,44000000,218000000,387000000,521000000,782000000,,0,0,4900000,9700000,239400000
Liechtenstein,LIE,"Electricity production from renewable sources, excluding hydroelectric (kWh)",,,,,,,,,,,,,,,,,,,,,,
Sri Lanka,LKA,"Electricity production from renewable sources, excluding hydroelectric (kWh)",11000000,11000000,14000000,14000000,15000000,20000000,21000000,20000000,27000000,43000000,103000000,143000000,188000000,281000000,333000000,421000000,,0,0,300000,19600000,209600000
Lower middle income,LMC,"Electricity production from renewable sources, excluding hydroelectric (kWh)",21488000000,22973000000,24160000000,26253000000,29357000000,31812000000,37837000000,42169000000,48532000000,57081000000,61622000000,71215000000,82640000000,92138000000,1.06E+11,1.17E+11,,522222222.2,6197800000,10890800000,34166200000,82758000000
Low & middle income,LMY,"Electricity production from renewable sources, excluding hydroelectric (kWh)",46055000000,49436000000,52401000000,57790000000,62882000000,71503000000,81893000000,96471000000,1.18E+11,1.52E+11,1.95E+11,2.39E+11,2.94E+11,3.81E+11,4.51E+11,5.42E+11,104200000,3392000000,13598200000,29319700000,78842200000,3.11986E+11
Lesotho,LSO,"Electricity production from renewable sources, excluding hydroelectric (kWh)",,,,,,,,,,,,,,,,,,,,,,
Late-demographic dividend,LTE,"Electricity production from renewable sources, excluding hydroelectric (kWh)",16920000000,20185000000,21898000000,24256000000,26670000000,32607000000,39858000000,52182000000,72512000000,1.01E+11,1.36E+11,1.78E+11,2.23E+11,3.00E+11,3.59E+11,4.37E+11,31000000,1524100000,4021800000,11085000000,40767900000,2.39074E+11
Lithuania,LTU,"Electricity production from renewable sources, excluding hydroelectric (kWh)",0,2000000,4000000,7000000,7000000,9000000,38000000,160000000,200000000,260000000,371000000,632000000,760000000,1005000000,1112000000,1329000000,,,,0,68700000,776000000
Luxembourg,LUX,"Electricity production from renewable sources, excluding hydroelectric (kWh)",49000000,50000000,51000000,61000000,91000000,117000000,135000000,148000000,151000000,161000000,159000000,184000000,209000000,251000000,291000000,332000000,0,4400000,18600000,18800000,101400000,218800000
Latvia,LVA,"Electricity production from renewable sources, excluding hydroelectric (kWh)",4000000,6000000,21000000,72000000,87000000,88000000,88000000,95000000,103000000,99000000,115000000,190000000,402000000,622000000,810000000,916000000,,,,700000,66300000,427800000
"Macao SAR, China",MAC,"Electricity production from renewable sources, excluding hydroelectric (kWh)",,,,,,,,,,,,,,,,,,,,,,
St. Martin (French part),MAF,"Electricity production from renewable sources, excluding hydroelectric (kWh)",,,,,,,,,,,,,,,,,,,,,,
Morocco,MAR,"Electricity production from renewable sources, excluding hydroelectric (kWh)",64000000,206000000,194000000,203000000,199000000,206000000,183000000,279000000,298000000,391000000,659000000,692000000,728000000,1481000000,1924000000,2525000000,,0,0,0,222300000,1096800000
Monaco,MCO,"Electricity production from renewable sources, excluding hydroelectric (kWh)",,,,,,,,,,,,,,,,,,,,,,
Moldova,MDA,"Electricity production from renewable sources, excluding hydroelectric (kWh)",0,0,0,0,0,0,0,0,0,0,0,0,0,3000000,15000000,19000000,,,,0,0,3600000
Madagascar,MDG,"Electricity production from renewable sources, excluding hydroelectric (kWh)",,,,,,,,,,,,,,,,,,,,,,
Maldives,MDV,"Electricity production from renewable sources, excluding hydroelectric (kWh)",,,,,,,,,,,,,,,,,,,,,,
Middle East & North Africa,MEA,"Electricity production from renewable sources, excluding hydroelectric (kWh)",264000000,503000000,477000000,652000000,833000000,890000000,981000000,1319000000,1474000000,1933000000,2828000000,3082000000,3143000000,4509000000,5845000000,6643000000,,0,0,7500000,932600000,3881400000
Mexico,MEX,"Electricity production from renewable sources, excluding hydroelectric (kWh)",7599000000,8102000000,7904000000,8763000000,9121000000,10401000000,9086000000,10038000000,8052000000,7949000000,8616000000,8829000000,10478000000,11541000000,14000000000,17082000000,,436666666.7,2471300000,7375500000,8701500000,10692800000
Marshall Islands,MHL,"Electricity production from renewable sources, excluding hydroelectric (kWh)",,,,,,,,,,,,,,,,,,,,,,
Middle income,MIC,"Electricity production from renewable sources, excluding hydroelectric (kWh)",46049000000,49433000000,52399000000,57787000000,62879000000,71498000000,81886000000,96457000000,1.18E+11,1.52E+11,1.95E+11,2.39E+11,2.94E+11,3.81E+11,4.51E+11,5.41E+11,104200000,3392000000,13598200000,29314800000,78832500000,3.11747E+11
North Macedonia,MKD,"Electricity production from renewable sources, excluding hydroelectric (kWh)",0,0,0,0,0,0,0,0,0,0,0,1000000,3000000,9000000,85000000,164000000,,,,0,0,19600000
Mali,MLI,"Electricity production from renewable sources, excluding hydroelectric (kWh)",,,,,,,,,,,,,,,,,,,,,,
Malta,MLT,"Electricity production from renewable sources, excluding hydroelectric (kWh)",0,0,0,0,0,0,0,0,0,0,1000000,10000000,26000000,35000000,75000000,100000000,,0,0,0,0,29400000
Myanmar,MMR,"Electricity production from renewable sources, excluding hydroelectric (kWh)",0,0,0,0,0,0,0,0,0,0,0,0,0,0,0,0,,0,0,0,0,0
Middle East & North Africa (excluding high income),MNA,"Electricity production from renewable sources, excluding hydroelectric (kWh)",264000000,493000000,466000000,640000000,822000000,879000000,971000000,1309000000,1458000000,1858000000,2688000000,2800000000,2665000000,3830000000,4560000000,5056000000,,0,0,7500000,916000000,3308600000
Montenegro,MNE,"Electricity production from renewable sources, excluding hydroelectric (kWh)",,,,,,0,0,0,0,0,0,0,0,0,0,0,,,,,0,0
Mongolia,MNG,"Electricity production from renewable sources, excluding hydroelectric (kWh)",0,0,0,0,0,0,0,0,0,0,0,0,0,85000000,170000000,170000000,,,0,0,0,51000000
Northern Mariana Islands,MNP,"Electricity production from renewable sources, excluding hydroelectric (kWh)",,,,,,,,,,,,,,,,,,,,,,
Mozambique,MOZ,"Electricity production from renewable sources, excluding hydroelectric (kWh)",0,0,0,0,0,0,0,0,0,0,0,0,0,0,0,0,,0,0,0,0,0
Mauritania,MRT,"Electricity production from renewable sources, excluding hydroelectric (kWh)",,,,,,,,,,,,,,,,,,,,,,
Mauritius,MUS,"Electricity production from renewable sources, excluding hydroelectric (kWh)",431000000,478000000,452000000,449000000,470000000,453000000,446000000,468000000,486000000,487000000,553000000,496000000,505000000,500000000,505000000,559000000,,23666666.67,49500000,213600000,462000000,511800000
Malawi,MWI,"Electricity production from renewable sources, excluding hydroelectric (kWh)",,,,,,,,,,,,,,,,,,,,,,
Malaysia,MYS,"Electricity production from renewable sources, excluding hydroelectric (kWh)",0,1000000,1000000,1000000,1000000,1000000,1000000,1000000,0,1168000000,1006000000,1057000000,866000000,1281000000,928000000,1024000000,,0,0,0,117500000,1027600000
North America,NAC,"Electricity production from renewable sources, excluding hydroelectric (kWh)",85644000000,81120000000,90561000000,91711000000,96633000000,1.04E+11,1.14E+11,1.24E+11,1.45E+11,1.68E+11,1.98E+11,2.28E+11,2.57E+11,3.00E+11,3.35E+11,3.59E+11,374500000,3349900000,17403600000,78645200000,1.10E+11,2.63636E+11
Namibia,NAM,"Electricity production from renewable sources, excluding hydroelectric (kWh)",0,0,0,0,0,0,0,0,0,0,0,0,0,0,0,0,,,,0,0,0
New Caledonia,NCL,"Electricity production from renewable sources, excluding hydroelectric (kWh)",,,,,,,,,,,,,,,,,,,,,,
Niger,NER,"Electricity production from renewable sources, excluding hydroelectric (kWh)",0,0,0,0,0,2000000,2000000,2000000,3000000,3000000,3000000,0,0,4000000,4000000,4000000,,,,,1200000,2200000
Nigeria,NGA,"Electricity production from renewable sources, excluding hydroelectric (kWh)",0,0,0,0,0,0,0,0,0,0,0,0,0,0,0,0,,0,0,0,0,0
Nicaragua,NIC,"Electricity production from renewable sources, excluding hydroelectric (kWh)",293000000,302000000,341000000,453000000,489000000,623000000,634000000,624000000,660000000,770000000,850000000,856000000,1307000000,1723000000,2000000000,1997000000,,12777777.78,203900000,446300000,518900000,1347200000
Netherlands,NLD,"Electricity production from renewable sources, excluding hydroelectric (kWh)",2830000000,3185000000,3864000000,3890000000,5212000000,7357000000,7945000000,7476000000,9429000000,10738000000,11092000000,12265000000,12410000000,12069000000,11596000000,13602000000,0,485900000,609500000,1421100000,6192600000,11886400000
Norway,NOR,"Electricity production from renewable sources, excluding hydroelectric (kWh)",287000000,282000000,325000000,548000000,611000000,832000000,1024000000,1278000000,1310000000,1204000000,1229000000,1650000000,1905000000,2216000000,2475000000,2712000000,0,0,10800000,262000000,770100000,1895000000
Nepal,NPL,"Electricity production from renewable sources, excluding hydroelectric (kWh)",0,0,0,0,0,0,0,0,0,0,0,0,0,0,7000000,7000000,,0,0,0,0,1400000
Nauru,NRU,"Electricity production from renewable sources, excluding hydroelectric (kWh)",,,,,,,,,,,,,,,,,,,,,,
New Zealand,NZL,"Electricity production from renewable sources, excluding hydroelectric (kWh)",3629000000,3471000000,3358000000,3291000000,3617000000,4276000000,4543000000,5053000000,5829000000,6943000000,8124000000,8708000000,8910000000,9089000000,10140000000,10865000000,1055000000,1421500000,1627800000,2852600000,4401000000,8994200000
OECD members,OED,"Electricity production from renewable sources, excluding hydroelectric (kWh)",1.79E+11,1.83E+11,2.09E+11,2.29E+11,2.62E+11,2.98E+11,3.32E+11,3.80E+11,4.32E+11,4.88E+11,5.82E+11,6.84E+11,7.87E+11,8.99E+11,9.98E+11,1.12E+12,5182500000,14371400000,45774500000,1.37E+11,2.99E+11,7.90028E+11
Oman,OMN,"Electricity production from renewable sources, excluding hydroelectric (kWh)",0,0,0,0,0,0,0,0,0,0,0,0,0,0,0,0,,0,0,0,0,0
Other small states,OSS,"Electricity production from renewable sources, excluding hydroelectric (kWh)",1774000000,1947000000,1916000000,1898000000,2001000000,2213000000,3204000000,4183000000,4716000000,5589000000,6118000000,6546000000,7446000000,7318000000,7521000000,7561000000,200000,41700000,244600000,638300000,2944100000,6989800000
Pakistan,PAK,"Electricity production from renewable sources, excluding hydroelectric (kWh)",0,0,0,0,0,0,0,0,0,0,0,0,0,397000000,802000000,840000000,,0,0,0,0,239800000
Panama,PAN,"Electricity production from renewable sources, excluding hydroelectric (kWh)",24000000,23000000,18000000,21000000,24000000,23000000,24000000,19000000,16000000,23000000,22000000,23000000,26000000,35000000,148000000,469000000,,9000000,61100000,31800000,21500000,50800000
Peru,PER,"Electricity production from renewable sources, excluding hydroelectric (kWh)",159000000,164000000,187000000,197000000,154000000,349000000,349000000,418000000,461000000,461000000,674000000,676000000,729000000,1158000000,1747000000,1732000000,,231222222.2,133900000,133100000,289900000,996800000
Philippines,PHL,"Electricity production from renewable sources, excluding hydroelectric (kWh)",11626000000,10442000000,10242000000,9822000000,10282000000,9921000000,10519000000,10274000000,10785000000,10389000000,10012000000,10125000000,10490000000,9854000000,10640000000,12279000000,,71222222.22,4669100000,6875600000,10430200000,10224200000
Palau,PLW,"Electricity production from renewable sources, excluding hydroelectric (kWh)",,,,,,,,,,,,,,,,,,,,,,
Papua New Guinea,PNG,"Electricity production from renewable sources, excluding hydroelectric (kWh)",,,,,,,,,,,,,,,,,,,,,,
Poland,POL,"Electricity production from renewable sources, excluding hydroelectric (kWh)",226000000,458000000,488000000,579000000,1125000000,1646000000,2249000000,3078000000,4456000000,6303000000,7968000000,10806000000,14842000000,14628000000,17660000000,20851000000,30800000,196400000,264800000,115400000,2060800000,13180800000
Pre-demographic dividend,PRE,"Electricity production from renewable sources, excluding hydroelectric (kWh)",611000000,667000000,580000000,969000000,1312000000,1304000000,1960000000,1401000000,1556000000,1787000000,1920000000,1981000000,2045000000,2471000000,4504000000,4980000000,,155777777.8,346000000,539000000,1214700000,2584200000
Puerto Rico,PRI,"Electricity production from renewable sources, excluding hydroelectric (kWh)",,,,,,,,,,,,,,,,,,,,,,
"Korea, Dem. People's Rep.",PRK,"Electricity production from renewable sources, excluding hydroelectric (kWh)",0,0,0,0,0,0,0,0,0,0,0,0,0,0,0,0,,0,0,0,0,0
Portugal,PRT,"Electricity production from renewable sources, excluding hydroelectric (kWh)",1545000000,1707000000,1933000000,1980000000,2445000000,3529000000,4720000000,6126000000,7843000000,10007000000,12205000000,12575000000,13748000000,15741000000,15991000000,15712000000,135900000,201200000,484600000,1004300000,4183500000,14052000000
Paraguay,PRY,"Electricity production from renewable sources, excluding hydroelectric (kWh)",0,0,0,0,0,0,0,0,0,0,0,0,0,0,0,0,,35666666.67,32900000,25900000,0,0
West Bank and Gaza,PSE,"Electricity production from renewable sources, excluding hydroelectric (kWh)",,,,,,,,,,,,,,,,,,,,,,
Pacific island small states,PSS,"Electricity production from renewable sources, excluding hydroelectric (kWh)",,,,,,,,,,,,,,,,,,,,,,
Post-demographic dividend,PST,"Electricity production from renewable sources, excluding hydroelectric (kWh)",1.68E+11,1.70E+11,1.96E+11,2.15E+11,2.47E+11,2.80E+11,3.13E+11,3.57E+11,4.07E+11,4.58E+11,5.48E+11,6.40E+11,7.36E+11,8.45E+11,9.33E+11,1.04E+12,5047300000,14133600000,43481500000,1.28E+11,2.81E+11,7.40556E+11
French Polynesia,PYF,"Electricity production from renewable sources, excluding hydroelectric (kWh)",,,,,,,,,,,,,,,,,,,,,,
Qatar,QAT,"Electricity production from renewable sources, excluding hydroelectric (kWh)",0,0,0,0,0,0,0,0,0,0,0,0,0,0,0,0,,0,0,0,0,0
Romania,ROU,"Electricity production from renewable sources, excluding hydroelectric (kWh)",0,0,3000000,3000000,4000000,6000000,4000000,38000000,29000000,19000000,417000000,1587000000,2860000000,5192000000,8322000000,9569000000,,0,0,2500000,10600000,3675600000
Russian Federation,RUS,"Electricity production from renewable sources, excluding hydroelectric (kWh)",82000000,117000000,179000000,375000000,452000000,458000000,512000000,506000000,494000000,501000000,545000000,562000000,527000000,486000000,743000000,970000000,,,,60500000,367600000,572600000
Rwanda,RWA,"Electricity production from renewable sources, excluding hydroelectric (kWh)",,,,,,,,,,,,,,,,,,,,,,
South Asia,SAS,"Electricity production from renewable sources, excluding hydroelectric (kWh)",2975000000,3994000000,5192000000,6876000000,8562000000,11045000000,15374000000,19278000000,23286000000,30557000000,34168000000,42638000000,52338000000,59897000000,68222000000,75569000000,,0,1700000,650400000,12713900000,51452600000
Saudi Arabia,SAU,"Electricity production from renewable sources, excluding hydroelectric (kWh)",0,0,0,0,0,0,0,0,0,0,0,0,1000000,1000000,1000000,1000000,,0,0,0,0,600000
Sudan,SDN,"Electricity production from renewable sources, excluding hydroelectric (kWh)",0,0,0,0,0,0,0,0,0,0,0,0,0,0,0,0,,0,0,0,0,0
Senegal,SEN,"Electricity production from renewable sources, excluding hydroelectric (kWh)",53000000,62000000,70000000,57000000,45000000,55000000,55000000,40000000,43000000,53000000,77000000,80000000,49000000,63000000,66000000,70000000,,38888888.89,41900000,46300000,53300000,67000000
Singapore,SGP,"Electricity production from renewable sources, excluding hydroelectric (kWh)",245000000,473000000,473000000,495000000,479000000,478000000,477000000,487000000,525000000,535000000,592000000,611000000,638000000,742000000,821000000,918000000,,0,34000000,229000000,466700000,680800000
Solomon Islands,SLB,"Electricity production from renewable sources, excluding hydroelectric (kWh)",,,,,,,,,,,,,,,,,,,,,,
Sierra Leone,SLE,"Electricity production from renewable sources, excluding hydroelectric (kWh)",,,,,,,,,,,,,,,,,,,,,,
El Salvador,SLV,"Electricity production from renewable sources, excluding hydroelectric (kWh)",786000000,966000000,993000000,1067000000,1072000000,1140000000,1283000000,1527000000,1693000000,1756000000,1808000000,1817000000,1910000000,2001000000,1997000000,2110000000,,255333333.3,563300000,443100000,1228300000,1906600000
San Marino,SMR,"Electricity production from renewable sources, excluding hydroelectric (kWh)",,,,,,,,,,,,,,,,,,,,,,
Somalia,SOM,"Electricity production from renewable sources, excluding hydroelectric (kWh)",,,,,,,,,,,,,,,,,,,,,,
Serbia,SRB,"Electricity production from renewable sources, excluding hydroelectric (kWh)",0,0,0,0,0,0,0,0,0,0,0,0,6000000,21000000,29000000,35000000,,,,0,0,11200000
Sub-Saharan Africa (excluding high income),SSA,"Electricity production from renewable sources, excluding hydroelectric (kWh)",1361000000,1460000000,1298000000,1690000000,2064000000,2043000000,2799000000,2226000000,2442000000,2676000000,2914000000,2981000000,3254000000,3891000000,7920000000,11206000000,,179444444.4,395500000,827900000,2005900000,4192000000
South Sudan,SSD,"Electricity production from renewable sources, excluding hydroelectric (kWh)",,,,,,,,,,,,,2000000,2000000,2000000,2000000,,,,,,2000000
Sub-Saharan Africa,SSF,"Electricity production from renewable sources, excluding hydroelectric (kWh)",1361000000,1460000000,1298000000,1690000000,2064000000,2043000000,2799000000,2226000000,2442000000,2676000000,2914000000,2981000000,3254000000,3891000000,7920000000,11206000000,,179444444.4,395500000,827900000,2005900000,4192000000
Small states,SST,"Electricity production from renewable sources, excluding hydroelectric (kWh)",1999000000,2146000000,2004000000,1973000000,2127000000,2357000000,3378000000,4340000000,4838000000,5792000000,6298000000,6775000000,7730000000,7595000000,7789000000,7855000000,200000,268300000,429400000,829800000,3095400000,7237400000
Sao Tome and Principe,STP,"Electricity production from renewable sources, excluding hydroelectric (kWh)",,,,,,,,,,,,,,,,,,,,,,
Suriname,SUR,"Electricity production from renewable sources, excluding hydroelectric (kWh)",0,0,0,0,0,0,0,0,0,0,0,0,0,0,0,0,,,,,0,0
Slovak Republic,SVK,"Electricity production from renewable sources, excluding hydroelectric (kWh)",0,154000000,152000000,101000000,26000000,38000000,404000000,483000000,524000000,543000000,685000000,1221000000,1371000000,1505000000,2020000000,2174000000,,0,0,0,242500000,1360400000
Slovenia,SVN,"Electricity production from renewable sources, excluding hydroelectric (kWh)",70000000,72000000,102000000,122000000,121000000,114000000,112000000,113000000,290000000,192000000,231000000,318000000,430000000,481000000,519000000,547000000,,,,3100000,130800000,395800000
Sweden,SWE,"Electricity production from renewable sources, excluding hydroelectric (kWh)",4556000000,4261000000,4785000000,5191000000,8053000000,8429000000,9348000000,11269000000,12337000000,13952000000,15703000000,17625000000,19378000000,21327000000,21977000000,27130000000,0,291900000,1594600000,2423300000,8218100000,19202000000
Eswatini,SWZ,"Electricity production from renewable sources, excluding hydroelectric (kWh)",,,,,,,,,,,,,,,,,,,,,,
Sint Maarten (Dutch part),SXM,"Electricity production from renewable sources, excluding hydroelectric (kWh)",,,,,,,,,,,,,,,,,,,,,,
Seychelles,SYC,"Electricity production from renewable sources, excluding hydroelectric (kWh)",,,,,,,,,,,,,,,,,,,,,,
Syrian Arab Republic,SYR,"Electricity production from renewable sources, excluding hydroelectric (kWh)",0,0,0,0,0,0,0,0,0,0,0,0,0,0,0,0,,0,0,0,0,0
Turks and Caicos Islands,TCA,"Electricity production from renewable sources, excluding hydroelectric (kWh)",,,,,,,,,,,,,,,,,,,,,,
Chad,TCD,"Electricity production from renewable sources, excluding hydroelectric (kWh)",,,,,,,,,,,,,,,,,,,,,,
East Asia & Pacific (IDA & IBRD countries),TEA,"Electricity production from renewable sources, excluding hydroelectric (kWh)",20187000000,20311000000,20648000000,20933000000,22191000000,25579000000,29860000000,34875000000,51633000000,72110000000,94270000000,1.26E+11,1.59E+11,2.23E+11,2.62E+11,3.19E+11,,71222222.22,5038900000,10475500000,31832700000,1.72818E+11
Europe & Central Asia (IDA & IBRD countries),TEC,"Electricity production from renewable sources, excluding hydroelectric (kWh)",590000000,927000000,975000000,1217000000,1849000000,2365000000,3131000000,4662000000,6674000000,9582000000,14082000000,20343000000,28978000000,35154000000,44479000000,54506000000,135000000,375200000,315600000,397000000,3197200000,28607200000
Togo,TGO,"Electricity production from renewable sources, excluding hydroelectric (kWh)",0,1000000,1000000,2000000,2000000,2000000,3000000,10000000,2000000,4000000,4000000,5000000,5000000,5000000,5000000,5000000,,0,0,0,2700000,4800000
Thailand,THA,"Electricity production from renewable sources, excluding hydroelectric (kWh)",511000000,494000000,688000000,1153000000,1282000000,1532000000,1472000000,1799000000,2614000000,3087000000,3412000000,4391000000,5246000000,8359000000,9152000000,10439000000,,0,0,269000000,1463200000,6112000000
Tajikistan,TJK,"Electricity production from renewable sources, excluding hydroelectric (kWh)",0,0,0,0,0,0,0,0,0,0,0,0,0,0,0,0,,,,0,0,0
Turkmenistan,TKM,"Electricity production from renewable sources, excluding hydroelectric (kWh)",0,0,0,0,0,0,0,0,0,0,0,0,0,0,0,0,,,,0,0,0
Latin America & the Caribbean (IDA & IBRD countries),TLA,"Electricity production from renewable sources, excluding hydroelectric (kWh)",20981000000,23943000000,25408000000,28181000000,29861000000,32729000000,33192000000,39744000000,40923000000,45858000000,58094000000,62346000000,71827000000,82663000000,1.00E+11,1.21E+11,,2633888889,7305900000,17678600000,32082000000,74998200000
Timor-Leste,TLS,"Electricity production from renewable sources, excluding hydroelectric (kWh)",,,,,,,,,,,,,,,,,,,,,,
Middle East & North Africa (IDA & IBRD countries),TMN,"Electricity production from renewable sources, excluding hydroelectric (kWh)",264000000,493000000,466000000,640000000,822000000,879000000,971000000,1309000000,1458000000,1858000000,2688000000,2800000000,2665000000,3830000000,4560000000,5056000000,,0,0,7500000,916000000,3308600000
Tonga,TON,"Electricity production from renewable sources, excluding hydroelectric (kWh)",,,,,,,,,,,,,,,,,,,,,,
South Asia (IDA & IBRD),TSA,"Electricity production from renewable sources, excluding hydroelectric (kWh)",2975000000,3994000000,5192000000,6876000000,8562000000,11045000000,15374000000,19278000000,23286000000,30557000000,34168000000,42638000000,52338000000,59897000000,68222000000,75569000000,,0,1700000,650400000,12713900000,51452600000
Sub-Saharan Africa (IDA & IBRD countries),TSS,"Electricity production from renewable sources, excluding hydroelectric (kWh)",1361000000,1460000000,1298000000,1690000000,2064000000,2043000000,2799000000,2226000000,2442000000,2676000000,2914000000,2981000000,3254000000,3891000000,7920000000,11206000000,,179444444.4,395500000,827900000,2005900000,4192000000
Trinidad and Tobago,TTO,"Electricity production from renewable sources, excluding hydroelectric (kWh)",20000000,29000000,26000000,12000000,23000000,22000000,45000000,19000000,20000000,19000000,0,0,0,0,0,0,,27444444.44,21900000,25000000,23500000,0
Tunisia,TUN,"Electricity production from renewable sources, excluding hydroelectric (kWh)",23000000,24000000,30000000,33000000,44000000,42000000,38000000,43000000,39000000,97000000,140000000,111000000,201000000,369000000,532000000,489000000,,0,0,0,41300000,270600000
Turkiye,TUR,"Electricity production from renewable sources, excluding hydroelectric (kWh)",275000000,336000000,283000000,229000000,227000000,187000000,278000000,606000000,1151000000,2183000000,3916000000,5760000000,7351000000,9800000000,11983000000,16511000000,104200000,178800000,50800000,209100000,575500000,7762000000
Tuvalu,TUV,"Electricity production from renewable sources, excluding hydroelectric (kWh)",,,,,,,,,,,,,,,,,,,,,,
Tanzania,TZA,"Electricity production from renewable sources, excluding hydroelectric (kWh)",0,0,0,0,0,0,1000000,2000000,3000000,5000000,25000000,34000000,32000000,36000000,40000000,42000000,,0,0,0,1100000,33400000
Uganda,UGA,"Electricity production from renewable sources, excluding hydroelectric (kWh)",,,,,,,,,,,,,,,,,,,,,,
Ukraine,UKR,"Electricity production from renewable sources, excluding hydroelectric (kWh)",6000000,16000000,22000000,31000000,33000000,38000000,35000000,326000000,309000000,182000000,239000000,254000000,755000000,1310000000,1689000000,1706000000,,,,600000,99800000,849400000
Upper middle income,UMC,"Electricity production from renewable sources, excluding hydroelectric (kWh)",24561000000,26460000000,28239000000,31534000000,33522000000,39686000000,44049000000,54288000000,69883000000,94441000000,1.33E+11,1.68E+11,2.11E+11,2.89E+11,3.45E+11,4.24E+11,104200000,2922000000,7400400000,18424000000,44666300000,2.28989E+11
Uruguay,URY,"Electricity production from renewable sources, excluding hydroelectric (kWh)",35000000,37000000,39000000,38000000,36000000,39000000,50000000,137000000,841000000,835000000,968000000,973000000,1122000000,1223000000,2159000000,3902000000,,9777777.778,26400000,50600000,208700000,1289000000
United States,USA,"Electricity production from renewable sources, excluding hydroelectric (kWh)",77160000000,72174000000,81103000000,81824000000,86869000000,93760000000,1.03E+11,1.12E+11,1.34E+11,1.53E+11,1.78E+11,2.07E+11,2.34E+11,2.71E+11,2.98E+11,3.17E+11,374500000,2924600000,15246100000,72892100000,99584000000,2.37784E+11
Uzbekistan,UZB,"Electricity production from renewable sources, excluding hydroelectric (kWh)",0,0,0,0,0,0,0,0,0,0,0,0,0,0,0,0,,,,0,0,0
St. Vincent and the Grenadines,VCT,"Electricity production from renewable sources, excluding hydroelectric (kWh)",,,,,,,,,,,,,,,,,,,,,,
"Venezuela, RB",VEN,"Electricity production from renewable sources, excluding hydroelectric (kWh)",0,0,0,0,0,0,0,0,0,0,0,0,0,0,0,0,,0,0,0,0,0
British Virgin Islands,VGB,"Electricity production from renewable sources, excluding hydroelectric (kWh)",,,,,,,,,,,,,,,,,,,,,,
Virgin Islands (U.S.),VIR,"Electricity production from renewable sources, excluding hydroelectric (kWh)",,,,,,,,,,,,,,,,,,,,,,
Vietnam,VNM,"Electricity production from renewable sources, excluding hydroelectric (kWh)",0,0,0,0,0,50000000,65000000,79000000,56000000,72000000,105000000,143000000,144000000,145000000,146000000,181000000,,0,0,0,32200000,136600000
Vanuatu,VUT,"Electricity production from renewable sources, excluding hydroelectric (kWh)",,,,,,,,,,,,,,,,,,,,,,
World,WLD,"Electricity production from renewable sources, excluding hydroelectric (kWh)",2.17E+11,2.24E+11,2.53E+11,2.78E+11,3.16E+11,3.59E+11,4.05E+11,4.67E+11,5.43E+11,6.32E+11,7.65E+11,9.12E+11,1.07E+12,1.27E+12,1.44E+12,1.64E+12,5182500000,17125300000,56737600000,1.58E+11,3.70E+11,1.08955E+12
Samoa,WSM,"Electricity production from renewable sources, excluding hydroelectric (kWh)",,,,,,,,,,,,,,,,,,,,,,
Kosovo,XKX,"Electricity production from renewable sources, excluding hydroelectric (kWh)",0,0,0,0,0,0,0,0,0,0,1000000,0,0,0,0,0,,,,,0,200000
"Yemen, Rep.",YEM,"Electricity production from renewable sources, excluding hydroelectric (kWh)",0,0,0,0,0,0,0,0,0,0,0,0,0,0,0,0,,0,0,0,0,0
South Africa,ZAF,"Electricity production from renewable sources, excluding hydroelectric (kWh)",307000000,307000000,259000000,265000000,274000000,278000000,282000000,286000000,299000000,312000000,320000000,327000000,332000000,383000000,2251000000,4763000000,,0,0,63400000,286900000,722600000
Zambia,ZMB,"Electricity production from renewable sources, excluding hydroelectric (kWh)",0,0,0,0,0,0,0,0,0,0,0,0,0,0,0,0,,0,0,0,0,0
Zimbabwe,ZWE,"Electricity production from renewable sources, excluding hydroelectric (kWh)",0,0,0,0,0,0,103000000,63000000,79000000,57000000,94000000,131000000,168000000,166000000,144000000,129000000,,0,0,0,30200000,140600000
